Well,Name,Sequence (5' > 3'),Unnamed: 4,Unnamed: 5,Unnamed: 6,Unnamed: 7,Unnamed: 8,Unnamed: 9,Unnamed: 10,Replaces,Unnamed: 12,Unnamed: 13,Unnamed: 14,Unnamed: 15,Unnamed: 16,Unnamed: 17,Unnamed: 18,Unnamed: 19,Unnamed: 20,Unnamed: 21,Unnamed: 22,Unnamed: 23,Unnamed: 24,Replace Well
B19,D-MB_H01-01,CGA ACG TAA CTA CCA CCA ACC GCG ATA GTT GCA GAG CCA CCA CCC TCC CGG AAT A,,,,,,,,,,,,,,,,,,,,,,J08
B20,D-MB_H01-12,CGA ACG TAA CTA CCA CCA ACC GCA CGA GTA GTA AAT ATT CAT TGA ATA CGA GAA T,,,,,,,,,,,,,,,,,,,,,,J14
B21,D-MB_H05-04,CGA ACG TAA CTA CCA CCA ACC GCT TCG GTC AAT CAC CGT CAC CGA CTG AGG AAA C,,,,,,,,,,,,,,,,,,,,,,O04
B22,D-MB_H05-09,CGA ACG TAA CTA CCA CCA ACC GCT TGT ACC ATA AAT TAA TGC CGG AGT TAA ATC A,,,,,,,,,,,,,,,,,,,,,,O10
C19,D-MB_H11-04,CGA ACG TAA CTA CCA CCA ACC GCA ACA GTA GCT TTT TCA AAT ATA TTC CTT TTT T,,,,,,,,,,,,,,,,,,,,,,G05
C20,D-MB_H11-09,CGA ACG TAA CTA CCA CCA ACC GCC AAC GGC ATG TGT TCA GCA AAT CGA GCT CGA A,,,,,,,,,,,,,,,,,,,,,,G11
C21,D-MB_H15-02,CGA ACG TAA CTA CCA CCA ACC GCG AAG GAG CTG AGA GCC AGC AGC AAT TTT TGA ATG GCT,,,,,,,,,,,,,,,,,,,,,,I07
C22,D-MB_H15-12,CGA ACG TAA CTA CCA CCA ACC GCA AAT CCT GCG CCG CTA CAG GGC GCA CGT GCT T,,,,,,,,,,,,,,,,,,,,,,I14
D19,U-MB_H05-04,CGA ACG TAA CTA CCA CCA ACC GCT TAT TAG CCA GAA TGG AAA GCG CAG AGA AGG A,,,,,,,,,,,,,,,,,,,,,,N04
D20,U-MB_H05-09,CGA ACG TAA CTA CCA CCA ACC GCA TGA CCC TAA GTA CGG TGT CTG GAC GCG TTT T,,,,,,,,,,,,,,,,,,,,,,N10
D21,U-MB_H11-04,CGA ACG TAA CTA CCA CCA ACC GCT GAG AAT CAA TCA ATA ATC GGC TGT TTG AAG C,,,,,,,,,,,,,,,,,,,,,,D05
D22,U-MB_H11-09,CGA ACG TAA CTA CCA CCA ACC GCG GTG GTG CTT TCT GCT CAT TTG CCA GCT TTC A,,,,,,,,,,,,,,,,,,,,,,D11
E19,D-MB_H07-04,GCA ATA ATC CTG AAC AAA GTC AGA CCG ACT TGC GAA CGT AAC TAC CAC CAA CCG C,,,,,,,,,,,,,,,,,,,,,,B05
E20,D-MB_H07-09,GCT CAT TTG AGG GGA CGA CGA CAG ACG ACG GCC GAA CGT AAC TAC CAC CAA CCG C,,,,,,,,,,,,,,,,,,,,,,B11
E21,D-MB_H13-04,AAT GGA AAG TAC CTT TTA CAT CGG CCT TTG CCC GAA CGT AAC TAC CAC CAA CCG C,,,,,,,,,,,,,,,,,,,,,,C15
E22,D-MB_H13-09,TTC GTA ATC AAC GCG CGG GGA GAG GTT TGG AAC GAA CGT AAC TAC CAC CAA CCG C,,,,,,,,,,,,,,,,,,,,,,O15